user_id,datetime,rescued,still_invalid_anchors
025,2009-05-15 01:43:36,False,True
062,2008-09-26 09:38:59,False,True
062,2008-09-26 09:39:44,True,False
062,2008-09-26 11:28:05,False,True
062,2008-10-03 06:34:24,True,False
062,2008-10-03 07:30:26,True,False
062,2008-10-03 07:34:31,True,False
062,2008-10-03 07:34:36,True,False
062,2008-10-03 07:34:41,True,False
062,2008-10-03 07:34:46,True,False
062,2008-10-03 07:34:51,True,False
062,2008-10-03 07:34:56,True,False
062,2008-10-03 07:35:01,True,False
062,2008-10-03 07:35:06,True,False
062,2008-10-03 07:35:11,True,False
062,2008-10-03 07:35:16,True,False
