user_id,datetime,case,count,min_dist_m,median_dist_m,max_dist_m
002,2008-11-01 01:09:31,2,2,13.90953323386157,13.90953323386157,13.90953323386157
002,2009-01-25 05:26:27,2,2,54.968282980895296,54.968282980895296,54.968282980895296
008,2008-11-12 07:08:32,2,2,37.018092975436915,37.018092975436915,37.018092975436915
008,2008-12-06 11:53:04,2,2,2.108583978762884,2.108583978762884,2.108583978762884
009,2008-11-08 11:47:57,2,2,395.6646732498408,395.6646732498408,395.6646732498408
010,2007-08-04 03:32:14,2,2,0.45288130053007924,0.45288130053007924,0.45288130053007924
010,2007-08-04 03:32:17,2,2,0.22238985272763706,0.22238985272763706,0.22238985272763706
011,2008-11-18 06:06:12,2,2,65.48251693608968,65.48251693608968,65.48251693608968
011,2008-11-18 06:06:13,2,2,64.15686271338166,64.15686271338166,64.15686271338166
012,2008-11-14 09:38:46,2,2,66.13464672175634,66.13464672175634,66.13464672175634
012,2008-11-14 10:27:47,2,2,72.97265613607028,72.97265613607028,72.97265613607028
013,2008-10-26 22:46:37,2,2,140.1336242854224,140.1336242854224,140.1336242854224
013,2008-10-28 10:18:35,2,2,266.08162146890203,266.08162146890203,266.08162146890203
015,2009-03-03 09:36:01,2,2,162.75366799199404,162.75366799199404,162.75366799199404
016,2008-11-23 04:33:03,2,2,13.347262995612468,13.347262995612468,13.347262995612468
016,2008-12-03 22:33:19,2,2,177.77733364985835,177.77733364985835,177.77733364985835
017,2009-01-21 08:21:09,2,2,61.86718817165068,61.86718817165068,61.86718817165068
019,2008-11-19 11:41:23,2,2,20.652486945095834,20.652486945095834,20.652486945095834
020,2011-09-10 15:19:42,2,2,0.6243212329902069,0.6243212329902069,0.6243212329902069
020,2011-09-11 09:56:54,2,2,13.37534731881265,13.37534731881265,13.37534731881265
025,2009-05-15 01:00:00,2,2,686899.2443253469,686899.2443253469,686899.2443253469
025,2009-05-15 01:43:35,2,2,688622.8236166121,688622.8236166121,688622.8236166121
028,2009-01-23 07:01:10,2,2,11.055217809193628,11.055217809193628,11.055217809193628
028,2009-01-23 12:34:40,2,2,7.368494042787543,7.368494042787543,7.368494042787543
030,2009-01-18 09:29:50,2,2,76.37272000225259,76.37272000225259,76.37272000225259
030,2009-03-12 08:41:15,2,2,198.52069996128787,198.52069996128787,198.52069996128787
031,2009-01-23 06:32:26,2,2,18.83744442376083,18.83744442376083,18.83744442376083
033,2009-01-09 03:19:56,2,2,11.192719631081136,11.192719631081136,11.192719631081136
036,2009-04-26 10:38:11,2,2,5.209222110477068,5.209222110477068,5.209222110477068
036,2009-07-02 01:01:10,2,2,4.693866829509401,4.693866829509401,4.693866829509401
041,2009-04-28 13:11:11,2,2,56.40563935406532,56.40563935406532,56.40563935406532
041,2009-05-02 23:38:40,2,2,45.80297683375002,45.80297683375002,45.80297683375002
042,2009-02-26 00:08:00,2,3,4.7813895484501945,24.183576516652625,28.960039179459994
042,2009-02-26 00:08:02,2,4,5.578384350465529,81.29460726763453,162.58681232014646
043,2009-06-24 07:24:17,2,2,118.10095692112667,118.10095692112667,118.10095692112667
055,2011-08-24 14:48:45,2,2,14.26118499598237,14.26118499598237,14.26118499598237
055,2011-08-24 14:48:50,2,2,14.305066457056025,14.305066457056025,14.305066457056025
057,2007-08-02 04:37:52,2,2,11.301039657451728,11.301039657451728,11.301039657451728
058,2011-08-29 10:13:15,2,5,0.23347807983557226,0.8220942947552401,1.7100005070715578
058,2011-08-29 10:13:16,2,5,0.23347811983796748,0.7396597842266905,1.478880670846444
058,2011-08-29 10:13:23,3,5,0.0,0.3706497521757994,0.9691746119961547
058,2011-08-29 10:13:25,3,5,0.0,0.3969230496997722,1.120980746252652
059,2011-08-29 10:13:15,2,5,0.23347807983557226,0.8220942947552401,1.7100005070715578
059,2011-08-29 10:13:16,2,5,0.23347811983796748,0.7396597842266905,1.478880670846444
059,2011-08-29 10:13:23,3,5,0.0,0.3706497521757994,0.9691746119961547
059,2011-08-29 10:13:25,3,5,0.0,0.3969230496997722,1.120980746252652
062,2008-08-12 11:18:53,2,2,47.20027241365945,47.20027241365945,47.20027241365945
062,2008-09-02 11:06:23,2,2,47.967262559278836,47.967262559278836,47.967262559278836
065,2011-08-24 13:51:21,2,2,3.273355876947924,3.273355876947924,3.273355876947924
065,2011-08-24 13:51:41,2,5,0.7004377745722701,1.400875588006437,2.983036472907327
065,2011-08-24 13:51:53,3,5,0.0,0.31520177376226255,0.6243215366826028
065,2011-08-24 13:51:54,3,5,0.0,0.23347953980623878,0.23347953980623878
067,2011-04-07 12:55:38,2,4,0.23348445047314853,0.30206713283430825,0.5738270632484175
067,2011-04-07 12:55:38,2,5,0.18532488201355574,0.40306051106197427,0.7004534994781506
067,2011-04-07 12:55:41,3,5,0.0,0.3837883171364729,0.793853745501535
067,2011-04-07 12:55:42,3,5,0.0,0.20940471603103306,0.2840403108268443
074,2012-01-11 00:56:20,2,2,3.417128946701601,3.417128946701601,3.417128946701601
074,2012-02-11 14:28:27,2,2,0.573825522135923,0.573825522135923,0.573825522135923
075,2011-08-24 14:48:45,2,2,14.26118499598237,14.26118499598237,14.26118499598237
075,2011-08-24 14:48:50,2,2,14.305066457056025,14.305066457056025,14.305066457056025
078,2008-05-30 07:37:45,2,2,1.0457037460201457,1.0457037460201457,1.0457037460201457
082,2009-04-04 14:19:04,2,2,20.62468478346809,20.62468478346809,20.62468478346809
082,2009-04-14 00:50:15,2,2,15.871027458220858,15.871027458220858,15.871027458220858
085,2009-09-04 10:53:32,2,2,11.799780761938063,11.799780761938063,11.799780761938063
092,2008-08-12 09:00:32,2,5,3.290659540451718,1021.7894498613016,1070.485126061049
092,2008-08-12 09:00:36,2,3,56.665366529804224,1083.4583810778606,1139.967368358691
094,2007-08-02 04:37:52,2,2,11.301039657451728,11.301039657451728,11.301039657451728
095,2011-05-22 16:40:12,2,2,1.6055719520464402,1.6055719520464402,1.6055719520464402
096,2008-08-12 01:17:06,2,2,54.84439176694294,54.84439176694294,54.84439176694294
115,2008-05-15 10:48:40,2,2,71.39795015196027,71.39795015196027,71.39795015196027
115,2008-05-15 10:48:43,2,2,61.05632536190051,61.05632536190051,61.05632536190051
119,2008-09-24 03:59:34,2,2,200.04696555102097,200.04696555102097,200.04696555102097
122,2009-05-28 09:13:39,2,2,8.147903879529077,8.147903879529077,8.147903879529077
122,2009-05-28 10:10:14,2,2,7.373126935462395,7.373126935462395,7.373126935462395
124,2008-10-02 16:29:31,2,2,30.08146265654381,30.08146265654381,30.08146265654381
124,2008-10-02 17:05:34,2,2,21.713696310683435,21.713696310683435,21.713696310683435
126,2008-06-28 09:06:26,2,2,1.7929542089480714,1.7929542089480714,1.7929542089480714
128,2007-05-05 02:21:39,2,2,22.94872565707999,22.94872565707999,22.94872565707999
128,2008-05-18 00:01:35,2,2,6.212105288746983,6.212105288746983,6.212105288746983
134,2007-05-21 00:11:06,2,2,18.748890729092537,18.748890729092537,18.748890729092537
135,2009-01-24 10:54:34,2,2,9.487389288161959,9.487389288161959,9.487389288161959
141,2011-08-29 10:13:15,2,5,0.23347807983557226,0.8220942947552401,1.7100005070715578
141,2011-08-29 10:13:16,2,5,0.23347811983796748,0.7396597842266905,1.478880670846444
141,2011-08-29 10:13:23,3,5,0.0,0.3706497521757994,0.9691746119961547
141,2011-08-29 10:13:25,3,5,0.0,0.3969230496997722,1.120980746252652
144,2008-06-27 03:55:12,2,2,28.993613199336753,28.993613199336753,28.993613199336753
144,2008-10-25 04:16:17,2,2,157.06377280868696,157.06377280868696,157.06377280868696
150,2007-08-02 04:37:52,2,2,11.301039657451728,11.301039657451728,11.301039657451728
153,2009-04-17 15:08:35,2,2,18.564977915986837,18.564977915986837,18.564977915986837
153,2009-04-19 03:47:50,2,2,573.9300067035928,573.9300067035928,573.9300067035928
154,2007-04-30 11:58:06,2,2,12.517860588155015,12.517860588155015,12.517860588155015
155,2009-07-10 10:06:14,2,2,16.963063038592548,16.963063038592548,16.963063038592548
163,2008-04-29 04:37:33,2,2,81.83986531839976,81.83986531839976,81.83986531839976
163,2009-04-17 15:08:35,2,2,18.564977915986837,18.564977915986837,18.564977915986837
165,2011-10-21 00:57:26,2,2,1.90159258527785,1.90159258527785,1.90159258527785
165,2011-10-28 01:03:08,2,2,0.5647185185540224,0.5647185185540224,0.5647185185540224
165,2011-11-18 00:23:03,3,5,0.0,0.286312095948869,0.4646060685022924
165,2011-11-18 00:23:05,3,5,0.0,0.25875527625789096,0.4646060922860352
167,2008-05-21 11:13:37,2,2,282.90780042996624,282.90780042996624,282.90780042996624
167,2008-05-29 11:20:26,2,2,1.9207958943735512,1.9207958943735512,1.9207958943735512
168,2011-08-10 23:23:37,2,2,18.585181366966697,18.585181366966697,18.585181366966697
169,2010-05-18 01:51:36,2,2,12.356089523250288,12.356089523250288,12.356089523250288
174,2008-03-24 10:08:37,2,2,12.97274143439496,12.97274143439496,12.97274143439496
