user_id,total_points,has_duplicates,case1_ts,case2_ts,case3_ts,case1_pts,case2_pts,case3_pts,invalid_alt_ts,invalid_alt_pts
000,173870,False,0,0,0,0,0,0,0,0
001,108607,False,0,0,0,0,0,0,0,0
002,248217,True,0,3,0,0,6,0,0,0
003,485226,False,0,0,0,0,0,0,0,0
004,439397,False,0,0,0,0,0,0,0,0
005,109046,False,0,0,0,0,0,0,0,0
006,31830,False,0,0,0,0,0,0,0,0
007,87217,True,1686,0,0,3372,0,0,0,0
008,77910,True,0,2,0,0,4,0,0,0
009,84616,True,0,1,0,0,2,0,0,0
010,935576,True,201,3560,0,402,7120,0,0,0
011,90803,True,0,7,0,0,14,0,0,0
012,147092,True,0,4,0,0,8,0,0,0
013,291182,True,1,8,0,2,16,0,0,0
014,388213,True,1,0,0,2,0,0,0,0
015,87736,True,0,1,0,0,2,0,0,0
016,89272,True,0,2,0,0,4,0,0,0
017,1026179,True,2,1,0,4,2,0,0,0
018,47279,False,0,0,0,0,0,0,0,0
019,47824,True,0,1,0,0,2,0,0,0
020,177681,True,0,3,0,0,6,0,0,0
021,2385,False,0,0,0,0,0,0,0,0
022,471437,False,0,0,0,0,0,0,0,0
023,120350,False,0,0,0,0,0,0,0,0
024,263482,False,0,0,0,0,0,0,0,0
025,629896,True,1,4,0,2,8,0,0,0
026,148411,False,0,0,0,0,0,0,0,0
027,15508,False,0,0,0,0,0,0,0,0
028,123828,True,0,2,0,0,4,0,0,0
029,83844,False,0,0,0,0,0,0,0,0
030,615948,True,0,8,0,0,16,0,0,0
031,20412,True,0,1,0,0,2,0,0,0
032,26468,False,0,0,0,0,0,0,0,0
033,69974,True,0,1,0,0,2,0,0,0
034,166670,True,3,0,0,6,0,0,0,0
035,312042,False,0,0,0,0,0,0,0,0
036,251973,True,0,6,0,0,12,0,0,0
037,191324,False,0,0,0,0,0,0,0,0
038,250393,True,2,0,0,4,0,0,0,0
039,267737,False,0,0,0,0,0,0,0,0
040,56013,False,0,0,0,0,0,0,0,0
041,1057043,True,1,4,0,2,8,0,0,0
042,239448,True,1,26,0,2,101,0,0,0
043,96246,True,0,1,0,0,2,0,0,0
044,76846,False,0,0,0,0,0,0,0,0
045,9743,True,46,0,0,92,0,0,0,0
046,21818,False,0,0,0,0,0,0,0,0
047,790,False,0,0,0,0,0,0,0,0
048,9076,False,0,0,0,0,0,0,0,0
049,2614,False,0,0,0,0,0,0,0,0
050,336859,False,0,0,0,0,0,0,0,0
051,17019,True,2,0,0,4,0,0,0,0
052,373045,False,0,0,0,0,0,0,0,0
053,336,False,0,0,0,0,0,0,0,0
054,4780,False,0,0,0,0,0,0,0,0
055,37786,True,0,2,0,0,4,0,0,0
056,4004,False,0,0,0,0,0,0,0,0
057,2794,True,0,1,0,0,2,0,0,0
058,24769,True,24,2296,481,107,11301,2393,0,0
059,23606,True,24,2296,481,107,11301,2393,0,0
060,17,False,0,0,0,0,0,0,0,0
061,2800,False,0,0,0,0,0,0,0,0
062,330302,True,0,53,0,0,106,0,0,0
063,12490,False,0,0,0,0,0,0,0,0
064,58754,False,0,0,0,0,0,0,0,0
065,426101,True,3778,59950,13759,18680,297365,68615,0,0
066,61020,True,7,0,0,14,0,0,0,0
067,394329,True,0,769,35,0,3764,170,0,0
068,937876,False,0,0,0,0,0,0,0,0
069,16469,True,1,0,0,2,0,0,0,0
070,35311,False,0,0,0,0,0,0,0,0
071,123850,False,0,0,0,0,0,0,0,0
072,81,False,0,0,0,0,0,0,0,0
073,43135,False,0,0,0,0,0,0,0,0
074,175698,True,0,4,0,0,8,0,0,0
075,37549,True,27,2,0,81,4,0,0,0
076,961,False,0,0,0,0,0,0,0,0
077,3144,False,0,0,0,0,0,0,0,0
078,75509,True,17,1,0,34,2,0,0,0
079,11243,False,0,0,0,0,0,0,0,0
080,711,False,0,0,0,0,0,0,0,0
081,44252,False,0,0,0,0,0,0,0,0
082,172547,True,0,4,0,0,8,0,0,0
083,35052,False,0,0,0,0,0,0,0,0
084,401332,False,0,0,0,0,0,0,0,0
085,601871,True,1,1,0,2,2,0,0,0
086,561,False,0,0,0,0,0,0,0,0
087,152,False,0,0,0,0,0,0,0,0
088,27030,False,0,0,0,0,0,0,0,0
089,30922,True,3,0,0,6,0,0,0,0
090,320,False,0,0,0,0,0,0,0,0
091,11426,False,0,0,0,0,0,0,0,0
092,55660,True,0,9,0,0,29,0,0,0
093,8898,False,0,0,0,0,0,0,0,0
094,2794,True,0,1,0,0,2,0,0,0
095,45559,True,0,1,0,0,2,0,0,0
096,231088,True,1186,1,0,2372,2,0,0,0
097,1554,False,0,0,0,0,0,0,0,0
098,813,False,0,0,0,0,0,0,0,0
099,1267,False,0,0,0,0,0,0,0,0
100,6257,False,0,0,0,0,0,0,0,0
101,13738,False,0,0,0,0,0,0,0,0
102,6678,False,0,0,0,0,0,0,0,0
103,36576,False,0,0,0,0,0,0,0,0
104,38572,True,1,0,0,2,0,0,0,0
105,1977,False,0,0,0,0,0,0,0,0
106,1985,False,0,0,0,0,0,0,0,0
107,199,False,0,0,0,0,0,0,0,0
108,484,False,0,0,0,0,0,0,0,0
109,595,False,0,0,0,0,0,0,0,0
110,5520,False,0,0,0,0,0,0,0,0
111,15326,False,0,0,0,0,0,0,0,0
112,90565,True,2,0,0,4,0,0,0,0
113,24531,False,0,0,0,0,0,0,0,0
114,12332,False,0,0,0,0,0,0,0,0
115,148411,True,1,7,0,2,14,0,0,0
116,2514,False,0,0,0,0,0,0,0,0
117,341,False,0,0,0,0,0,0,0,0
118,1360,False,0,0,0,0,0,0,0,0
119,103734,True,0,1,0,0,2,0,0,0
120,10790,True,1,0,0,2,0,0,0,0
121,5367,False,0,0,0,0,0,0,0,0
122,72115,True,0,2,0,0,4,0,0,0
123,8828,False,0,0,0,0,0,0,0,0
124,120113,True,0,2,0,0,4,0,0,0
125,96522,True,5944,0,0,11888,0,0,0,0
126,421569,True,9845,1,0,19690,2,0,0,0
127,22853,False,0,0,0,0,0,0,0,0
128,1208500,True,6,88,0,14,271,0,0,0
129,16338,True,1,0,0,2,0,0,0,0
130,42640,False,0,0,0,0,0,0,0,0
131,57587,False,0,0,0,0,0,0,0,0
132,22978,False,0,0,0,0,0,0,0,0
133,7256,False,0,0,0,0,0,0,0,0
134,4158,True,0,1,0,0,2,0,0,0
135,84424,True,0,1,0,0,2,0,0,0
136,1306,False,0,0,0,0,0,0,0,0
137,14245,False,0,0,0,0,0,0,0,0
138,2351,False,0,0,0,0,0,0,0,0
139,1353,False,0,0,0,0,0,0,0,0
140,342501,True,5,0,0,10,0,0,0,0
141,314134,True,2780,43247,16928,13695,214211,84410,0,0
142,178267,False,0,0,0,0,0,0,0,0
143,3021,False,0,0,0,0,0,0,0,0
144,582849,True,11,5,0,22,10,0,0,0
145,9907,False,0,0,0,0,0,0,0,0
146,272,False,0,0,0,0,0,0,0,0
147,33891,False,0,0,0,0,0,0,0,0
148,41830,False,0,0,0,0,0,0,0,0
149,8448,False,0,0,0,0,0,0,0,0
150,2794,True,0,1,0,0,2,0,0,0
151,1322,False,0,0,0,0,0,0,0,0
152,9784,True,1434,0,0,3237,0,0,0,0
153,2156994,True,0,30,0,0,60,0,0,0
154,2928,True,0,1,0,0,2,0,0,0
155,41591,True,0,1,0,0,2,0,0,0
156,16277,False,0,0,0,0,0,0,0,0
157,2500,False,0,0,0,0,0,0,0,0
158,6010,False,0,0,0,0,0,0,0,0
159,38744,False,0,0,0,0,0,0,0,0
160,28238,False,0,0,0,0,0,0,0,0
161,799,False,0,0,0,0,0,0,0,0
162,339,False,0,0,0,0,0,0,0,0
163,969100,True,2,14,0,4,28,0,0,0
164,286,False,0,0,0,0,0,0,0,0
165,130890,True,3412,8449,5298,17016,41972,26452,0,0
166,1360,False,0,0,0,0,0,0,0,0
167,618649,True,9986,6,0,19972,12,0,0,0
168,253022,True,0,1,0,0,2,0,0,0
169,48321,True,0,1,0,0,2,0,0,0
170,4377,False,0,0,0,0,0,0,0,0
171,177,False,0,0,0,0,0,0,0,0
172,43207,False,0,0,0,0,0,0,0,0
173,970,False,0,0,0,0,0,0,0,0
174,7305,True,0,1,0,0,2,0,0,0
175,308,False,0,0,0,0,0,0,0,0
176,352,False,0,0,0,0,0,0,0,0
177,2955,False,0,0,0,0,0,0,0,0
178,84,False,0,0,0,0,0,0,0,0
179,169396,True,14084,0,0,28168,0,0,0,0
180,47166,False,0,0,0,0,0,0,0,0
181,687,False,0,0,0,0,0,0,0,0
