radius_m,min_minutes,15-30,2-18h,30-45,45-60,60-120
50,30,0.0353356890459364,0.16661524220919469,0.23756906077348067,0.25,0.25413223140495866
100,30,0.1166077738515901,0.29990743597655045,0.3701657458563536,0.42948717948717946,0.4318181818181818
150,30,0.14487632508833923,0.4020364085158902,0.47513812154696133,0.48717948717948717,0.5661157024793388
200,30,0.2049469964664311,0.474544893551373,0.5248618784530387,0.532051282051282,0.6177685950413223
300,30,0.303886925795053,0.5664918235112619,0.5911602209944752,0.6089743589743589,0.7066115702479339
500,30,0.4204946996466431,0.6821968528232027,0.6961325966850829,0.7371794871794872,0.7789256198347108
200,5,0.4204946996466431,0.44554149953717986,0.5359116022099447,0.5064102564102564,0.5785123966942148
200,10,0.43462897526501765,0.4683739586547362,0.5414364640883977,0.5256410256410257,0.6115702479338843
200,15,0.43462897526501765,0.47115087935822275,0.5580110497237569,0.5192307692307693,0.6239669421487604
200,20,0.392226148409894,0.47331070657204566,0.5580110497237569,0.5256410256410257,0.6239669421487604
200,45,0.08833922261484099,0.4742363468065412,0.3314917127071823,0.5192307692307693,0.6136363636363636
200,60,0.0706713780918728,0.4742363468065412,0.13259668508287292,0.3076923076923077,0.6033057851239669
