radius_m,min_minutes,stay_points,stop_recall,stop_time_covered,false_stays,false_stays_per_100_trip_h,false_share,false_in_vehicle_per_100_h
50,30,1945,0.17789106519989267,0.17960139627966182,486,7.039847524692478,0.3162003903708523,1.5014177449852386
100,30,2994,0.3168768446471693,0.3168091210384847,742,10.748079965682754,0.297275641025641,2.111368703885492
150,30,3741,0.4231285215991414,0.4232224433325605,906,13.123666373192151,0.2849952815350739,2.862077576378111
200,30,4233,0.492889723638315,0.4928459191313025,1044,15.122635423413472,0.2864983534577388,3.472028535278364
300,30,4827,0.5843842232358465,0.584520113399204,1185,17.165060322552648,0.2810054541142993,4.36349532136335
500,30,5242,0.6943922726053126,0.6944674542048553,1185,17.165060322552648,0.2572172780551335,5.1611234983867575
200,5,15087,0.462570431982828,0.4681102817906632,8438,122.22681772295294,0.6489770804491617,102.14332596352702
200,10,8183,0.4867185403810035,0.49007733498090544,3612,52.320842097097184,0.5109633611543358,28.386179241127167
200,15,6159,0.49074322511403273,0.49293446176401434,2270,32.881592347843466,0.42717350395182535,13.231243877682415
200,20,5177,0.4926214113227797,0.4932931589513345,1630,23.611011245367777,0.36555281453240634,7.319411506803038
200,45,3526,0.49208478669170913,0.4907064152343278,649,9.400948649229255,0.21299638989169675,1.6421756585776046
200,60,3102,0.49074322511403273,0.48819580568723736,435,6.301098093088946,0.1623134328358209,0.7507088724926193
