mode,p50,p95,p99,p99_9,web_upper_kmh,share_over_web_pct
airplane,642.7108288339001,879.0337882535954,934.8439304831704,976.2195989430224,1100.0,0.0
bike,0.3438042348329253,11.94268540363958,23.469447414676377,55.08804213070259,40.0,0.20783930813223603
boat,0.0,71.58243846920168,72.65713714806907,73.04229378800336,,0.0
bus,6.958090053216564,45.6473986498838,76.96230010853294,102.0078656755384,100.0,0.12834305745472402
car,22.831842350075096,86.50805853092933,111.39459472916845,195.68124582939592,120.0,0.4976689208041843
motorcycle,15.4226117059896,29.567697474043488,30.102273566765977,30.636101211995406,80.0,0.0
run,0.0,4.983736793224839,7.568386841438792,15.503515413605374,20.0,0.0
subway,33.30831694482117,63.04472745625057,76.46930371832913,112.07051458960129,110.0,0.14125256330035377
taxi,18.18019010418373,61.77805819350229,88.10780426727878,109.87863236722252,120.0,0.010326743068173716
train,75.0802997325741,155.45788774556203,200.55136072412685,230.53767286852627,350.0,8.954716001182022e-05
walk,0.0,3.1267407235359514,21.548461173963407,59.55800789915998,8.0,2.4411670800606045
