user_id,source_file,timestamp,mode,distance_km,delta_time_s,speed_kmh
128,20070420005635.plt,2007-04-20 01:14:47,train,2.5990704278974226,2.0,4678.326770215361
117,20070622142815.plt,2007-06-22 14:52:04,train,2.1183698922414886,2.0,3813.06580603468
128,20070531005841.plt,2007-05-31 01:32:12,train,5.782688914905624,9.0,2313.07556596225
117,20070622142815.plt,2007-06-22 14:40:32,train,1.0921409817022527,2.0,1965.8537670640549
128,20081125080000.plt,2008-11-25 09:12:33,airplane,1184.3645733568558,2269.0,1879.1152331796743
128,20070531005841.plt,2007-05-31 01:30:07,train,3.418602498480605,8.0,1538.3711243162722
128,20070601144505.plt,2007-06-01 15:02:28,train,4.234681444145371,10.0,1524.4853198923336
128,20070418115239.plt,2007-04-18 14:42:36,train,3.118705292097252,10.0,1122.7339051550107
128,20090222040348.plt,2009-02-22 04:45:17,airplane,389.5497374532533,1338.0,1048.1158855244485
128,20090222040348.plt,2009-02-22 04:22:59,airplane,2.792257840936195,10.0,1005.2128227370304
128,20090222040348.plt,2009-02-22 04:20:49,airplane,2.791735676934741,10.0,1005.0248436965068
128,20090222040348.plt,2009-02-22 04:22:49,airplane,2.7743416609448883,10.0,998.7629979401598
128,20090222040348.plt,2009-02-22 04:45:27,airplane,2.768416575187504,10.0,996.6299670675014
128,20090222040348.plt,2009-02-22 04:22:39,airplane,2.748424381571887,10.0,989.4327773658792
128,20090222040348.plt,2009-02-22 04:45:37,airplane,2.7372023838169666,10.0,985.392858174108
128,20090222040348.plt,2009-02-22 04:22:29,airplane,2.727581481790733,10.0,981.9293334446638
128,20090222040348.plt,2009-02-22 04:45:47,airplane,2.7267434118043767,10.0,981.6276282495757
128,20090222040348.plt,2009-02-22 04:53:37,airplane,2.7206109193293653,10.0,979.4199309585716
128,20090222040348.plt,2009-02-22 04:53:27,airplane,2.7203049658563017,10.0,979.3097877082686
128,20090222040348.plt,2009-02-22 04:53:47,airplane,2.7183046792060237,10.0,978.5896845141684
128,20090222040348.plt,2009-02-22 04:22:19,airplane,2.7169620041977702,10.0,978.1063215111974
128,20090222040348.plt,2009-02-22 04:53:17,airplane,2.716766222474461,10.0,978.035840090806
128,20090222040348.plt,2009-02-22 04:53:57,airplane,2.7157186469903114,10.0,977.6587129165122
128,20090222040348.plt,2009-02-22 04:54:07,airplane,2.7135336078946923,10.0,976.8720988420894
128,20090222040348.plt,2009-02-22 04:54:17,airplane,2.7126669804519525,10.0,976.560112962703
128,20090222040348.plt,2009-02-22 04:45:57,airplane,2.710662991362085,10.0,975.8386768903504
128,20090222040348.plt,2009-02-22 04:54:27,airplane,2.7100481781835173,10.0,975.6173441460662
128,20090222040348.plt,2009-02-22 04:54:37,airplane,2.7095062232376605,10.0,975.4222403655576
128,20090222040348.plt,2009-02-22 04:54:47,airplane,2.7087585391091267,10.0,975.1530740792856
128,20090222040348.plt,2009-02-22 04:53:07,airplane,2.707263798314357,10.0,974.6149673931689
128,20090222040348.plt,2009-02-22 04:54:57,airplane,2.705729257822381,10.0,974.0625328160572
128,20090222040348.plt,2009-02-22 04:46:07,airplane,2.7050760038024317,10.0,973.8273613688752
128,20090222040348.plt,2009-02-22 04:22:09,airplane,2.704117837492144,10.0,973.482421497172
128,20090222040348.plt,2009-02-22 04:55:07,airplane,2.701519433381112,10.0,972.5469960172002
128,20090222040348.plt,2009-02-22 04:46:17,airplane,2.6991279358755675,10.0,971.6860569152044
128,20090222040348.plt,2009-02-22 04:55:17,airplane,2.6984501246684958,10.0,971.4420448806584
128,20090222040348.plt,2009-02-22 04:55:27,airplane,2.696212245236468,10.0,970.6364082851284
128,20090222040348.plt,2009-02-22 04:21:59,airplane,2.694885024796928,10.0,970.158608926894
128,20090222040348.plt,2009-02-22 04:55:37,airplane,2.693759770262815,10.0,969.7535172946132
128,20090222040348.plt,2009-02-22 04:48:27,airplane,2.6929913524614526,10.0,969.4768868861228
128,20090222040348.plt,2009-02-22 04:48:37,airplane,2.692602826658467,10.0,969.337017597048
128,20090222040348.plt,2009-02-22 04:52:57,airplane,2.6925688288819,10.0,969.3247783974838
128,20090222040348.plt,2009-02-22 04:49:27,airplane,2.6925520137937204,10.0,969.3187249657392
128,20090222040348.plt,2009-02-22 04:48:17,airplane,2.6925146809125637,10.0,969.3052851285228
128,20090222040348.plt,2009-02-22 04:49:37,airplane,2.6920898840363616,10.0,969.15235825309
128,20090222040348.plt,2009-02-22 04:49:47,airplane,2.6919498660448737,10.0,969.1019517761546
128,20090222040348.plt,2009-02-22 04:21:49,airplane,2.691660826557477,10.0,968.9978975606916
128,20090222040348.plt,2009-02-22 04:49:57,airplane,2.69158759346053,10.0,968.9715336457908
128,20090222040348.plt,2009-02-22 04:48:47,airplane,2.691131920690903,10.0,968.807491448725
128,20090222040348.plt,2009-02-22 04:48:07,airplane,2.691111876496283,10.0,968.8002755386618
128,20090222040348.plt,2009-02-22 04:49:17,airplane,2.6910335810456765,10.0,968.7720891764436
128,20090222040348.plt,2009-02-22 04:50:07,airplane,2.6902720112613108,10.0,968.497924054072
128,20090222040348.plt,2009-02-22 04:48:57,airplane,2.6894345210400283,10.0,968.1964275744102
128,20090222040348.plt,2009-02-22 04:49:07,airplane,2.689319118243382,10.0,968.1548825676174
128,20090222040348.plt,2009-02-22 04:47:57,airplane,2.6891454654791382,10.0,968.0923675724896
128,20090222040348.plt,2009-02-22 04:55:47,airplane,2.688756082451033,10.0,967.9521896823716
128,20090222040348.plt,2009-02-22 04:50:17,airplane,2.688642611161447,10.0,967.9113400181208
128,20090222040348.plt,2009-02-22 04:50:27,airplane,2.687717234133211,10.0,967.578204287956
128,20090222040348.plt,2009-02-22 04:21:39,airplane,2.686536030118579,10.0,967.1529708426884
128,20090222040348.plt,2009-02-22 04:47:47,airplane,2.6858254465011617,10.0,966.897160740418
128,20090222040348.plt,2009-02-22 04:50:37,airplane,2.6851022127986948,10.0,966.63679660753
128,20090222040348.plt,2009-02-22 04:55:57,airplane,2.6827788238372925,10.0,965.8003765814252
128,20090222040348.plt,2009-02-22 04:47:37,airplane,2.682357698546589,10.0,965.648771476772
128,20090222040348.plt,2009-02-22 04:50:47,airplane,2.6822969893070354,10.0,965.6269161505328
128,20090222040348.plt,2009-02-22 04:52:47,airplane,2.680676665897798,10.0,965.0435997232072
128,20090222040348.plt,2009-02-22 04:21:29,airplane,2.6795764902386185,10.0,964.6475364859028
128,20090222040348.plt,2009-02-22 04:56:07,airplane,2.6790387396948385,10.0,964.453946290142
128,20090222040348.plt,2009-02-22 04:50:57,airplane,2.678929020129787,10.0,964.4144472467232
128,20090222040348.plt,2009-02-22 04:47:27,airplane,2.6782503196567724,10.0,964.1701150764382
128,20090222040348.plt,2009-02-22 04:46:27,airplane,2.676180314534092,10.0,963.4249132322732
128,20090222040348.plt,2009-02-22 04:56:17,airplane,2.6755171468615506,10.0,963.1861728701584
128,20090222040348.plt,2009-02-22 04:51:07,airplane,2.675229542260376,10.0,963.0826352137352
128,20090222040348.plt,2009-02-22 04:47:17,airplane,2.674300721280912,10.0,962.7482596611284
128,20090222040348.plt,2009-02-22 04:56:27,airplane,2.6731728880403187,10.0,962.3422396945148
128,20090222040348.plt,2009-02-22 04:51:17,airplane,2.672276761009412,10.0,962.0196339633882
128,20090222040348.plt,2009-02-22 04:47:07,airplane,2.6712063186271067,10.0,961.6342747057583
128,20090222040348.plt,2009-02-22 04:52:37,airplane,2.669777701405025,10.0,961.119972505809
128,20090222040348.plt,2009-02-22 04:46:57,airplane,2.669463729367502,10.0,961.0069425723004
128,20090222040348.plt,2009-02-22 04:51:27,airplane,2.6686240915551758,10.0,960.704672959863
128,20090222040348.plt,2009-02-22 04:21:19,airplane,2.668050882721502,10.0,960.4983177797408
128,20090222040348.plt,2009-02-22 04:52:27,airplane,2.66803449800613,10.0,960.4924192822068
128,20090222040348.plt,2009-02-22 04:56:37,airplane,2.668003145334789,10.0,960.481132320524
128,20090222040348.plt,2009-02-22 04:46:37,airplane,2.667533292092957,10.0,960.3119851534648
128,20090222040348.plt,2009-02-22 04:46:47,airplane,2.667510047264644,10.0,960.3036170152718
128,20090222040348.plt,2009-02-22 04:52:17,airplane,2.667278288064792,10.0,960.2201837033252
128,20090222040348.plt,2009-02-22 04:51:37,airplane,2.666582299143783,10.0,959.969627691762
128,20090222040348.plt,2009-02-22 04:52:07,airplane,2.6661751922103574,10.0,959.8230691957284
128,20090222040348.plt,2009-02-22 04:51:47,airplane,2.665048887668767,10.0,959.4175995607562
128,20090222040348.plt,2009-02-22 04:51:57,airplane,2.664727935890132,10.0,959.3020569204476
128,20090222040348.plt,2009-02-22 04:20:59,airplane,2.6628884746027337,10.0,958.639850856984
128,20090222040348.plt,2009-02-22 04:56:47,airplane,2.661666063282455,10.0,958.199782781684
128,20090222040348.plt,2009-02-22 04:21:09,airplane,2.660852162971858,10.0,957.9067786698688
128,20090222040348.plt,2009-02-22 04:56:57,airplane,2.6572415222815566,10.0,956.6069480213604
128,20081125080000.plt,2008-11-25 10:07:39,airplane,2.6515116716496547,10.0,954.5442017938756
128,20090222040348.plt,2009-02-22 04:57:07,airplane,2.647827044742053,10.0,953.2177361071392
