mode,p50_m,p99_m,p99_9_m,n
run,1.1910310412805618,6.901708662356822,13.071457046889325,1199
bike,3.524004805284008,12.938550746124307,28.934726858597617,189311
car,10.902216901171641,24.534924490966343,30.671373281995713,27934
bus,8.452562407419173,27.457986664314504,30.71012558831731,157332
walk,1.1948999858007814,15.420768842682723,33.92499636430886,243031
taxi,10.772872297527025,32.37249765115489,34.7866819724836,94594
subway,17.529727471366662,26.743020755796493,42.65146350304994,116040
train,25.265592193605656,58.38477560729778,67.21624287247303,432030
airplane,4.480298392450631,129.24194715827363,248.68838152289842,1190
