mode,count,mean,p50,p90,p95,p99,p99_9,p99_99,max
airplane,9186.0,443.69893106613443,623.7281908546175,861.6843684560035,881.3101267390315,938.5591071629435,981.2192042507411,1115.8423323585428,1879.1152331796743
train,560962.0,90.37616333032092,92.89955691315697,153.97517331211128,165.28263149246615,210.34597846761116,242.0639728868835,297.6918061989842,4678.326770215361
car,505105.0,36.5740984123297,30.17921084799252,80.4356914652831,93.5479412374608,119.57517399806544,198.97864265955153,238.3100285354245,2515.254562844674
subway,251075.0,39.91019327199564,50.25366532139882,69.99785109800574,74.56144952185805,94.37119026289284,166.90554384935,400.87824405805765,3776.0763543075454
taxi,211388.0,32.78470680891527,31.641597915924397,65.23624191248635,72.50538587633052,104.56530279999727,124.39271788058345,191.9557762459462,1469.4082161632568
boat,3564.0,25.27022107318935,3.6903195264121003,73.7203870575053,74.5203247723449,75.35096201042472,121.65589039480747,273.37372575743404,336.29896348260263
bus,1201933.0,21.43224523260919,16.896488216715877,46.03401343883584,57.959341824106005,90.49371897825608,117.50880973505834,245.9967282321789,2765.763678843612
walk,1339228.0,5.680677997472304,4.116614060043927,9.717628575462292,14.822963439149646,41.99527985361055,115.83481678379486,272.1134609667739,9415.683929076877
bike,777520.0,11.824321984399297,11.23591108777601,19.587878385394685,23.528161904708362,41.69456306439781,104.57828681521625,218.97578896729829,2556.512007874727
motorcycle,338.0,22.920334277651623,22.94204369975188,35.83627852472467,37.379305273140574,39.063921719521176,48.20398963069242,48.20398963069242,48.20398963069242
run,1974.0,6.095346632459781,4.743875114701861,12.212330676413886,14.627155672715883,25.84540862572763,47.83006193350017,53.740695079650564,55.11198742811615
