local_hour,reference_utc8_points,affected_fixed_utc8,affected_by_location
0,0.018530823181985973,0.04983388704318937,0.021630615640599003
1,0.017349575489110373,0.06561461794019934,0.01913477537437604
2,0.015799187892211148,0.061461794019933555,0.022462562396006656
3,0.012255444813584348,0.049003322259136214,0.01747088186356073
4,0.012033960871170174,0.03903654485049834,0.014975041597337771
5,0.012901439645625692,0.029069767441860465,0.016638935108153077
6,0.01729420450350683,0.024916943521594685,0.012479201331114808
7,0.036600221483942416,0.02408637873754153,0.014143094841930116
8,0.059616094499815434,0.0340531561461794,0.026622296173044926
9,0.06011443337024732,0.04817275747508306,0.04159733777038269
10,0.04974160206718346,0.049003322259136214,0.048252911813643926
11,0.048025101513473605,0.04568106312292359,0.05740432612312812
12,0.05132890365448505,0.03737541528239203,0.0632279534109817
13,0.050073827980804723,0.03820598006644518,0.054076539101497505
14,0.04876338132152085,0.03239202657807309,0.054076539101497505
15,0.05020302694721299,0.03571428571428571,0.05740432612312812
16,0.05417128091546696,0.03322259136212625,0.05906821963394343
17,0.06947212993724622,0.04401993355481727,0.06655574043261231
18,0.0777593207825766,0.046511627906976744,0.064891846921797
19,0.06447028423772609,0.03820598006644518,0.0740432612312812
20,0.056109265411590996,0.040697674418604654,0.06156405990016639
21,0.050978220745662606,0.04152823920265781,0.059900166389351084
22,0.040623846437799926,0.04401993355481727,0.04742096505823627
23,0.025784422296050203,0.04817275747508306,0.024958402662229616
