tz,offset_h,n_points,share
Asia/Shanghai,8.0,23403954,0.9680077043704285
America/Los_Angeles,-7.0,148963,0.006161238039783028
America/Los_Angeles,-8.0,74172,0.0030678178331987587
Asia/Taipei,8.0,71798,0.0029696271475490007
Europe/Rome,2.0,61732,0.0025532887137872215
Asia/Urumqi,6.0,54540,0.002255821396519715
Europe/Paris,2.0,52309,0.0021635453140914883
Asia/Bangkok,7.0,51901,0.002146670082522364
Europe/Madrid,2.0,36772,0.001520921606029024
Asia/Hong_Kong,8.0,30898,0.0012779679044676597
Asia/Phnom_Penh,7.0,28238,0.001167948012374839
America/Anchorage,-8.0,26206,0.0010839027414227293
America/New_York,-4.0,23619,0.0009769021922332078
Asia/Singapore,8.0,23320,0.0009645352945881877
America/Chicago,-5.0,17566,0.0007265448964295071
Asia/Seoul,9.0,17167,0.0007100419126155839
Europe/Berlin,2.0,9438,0.00039036381262106843
Asia/Macau,8.0,7501,0.00031024782352941663
Asia/Kuala_Lumpur,8.0,6694,0.00027686960814636915
Etc/GMT-7,7.0,5559,0.00022992503012931969
Europe/Helsinki,3.0,5394,0.0002231004879506297
America/Phoenix,-7.0,4189,0.00017326064961534812
Etc/GMT-8,8.0,3301,0.00013653220443548918
Europe/Monaco,2.0,2874,0.00011887111649427322
Europe/Moscow,4.0,1218,5.0377529537238964e-05
Asia/Chita,10.0,1042,4.309801787996962e-05
Etc/GMT+9,-9.0,924,3.821743620066404e-05
Asia/Ho_Chi_Minh,7.0,817,3.379182399993779e-05
Etc/GMT+10,-10.0,808,3.341957624473652e-05
Asia/Pyongyang,9.0,806,3.333685452135846e-05
Etc/GMT+11,-11.0,789,3.2633719872644944e-05
Europe/Brussels,2.0,686,2.8373551118674816e-05
Asia/Jakarta,7.0,395,1.6337540367166987e-05
America/Chicago,-6.0,395,1.6337540367166987e-05
Etc/GMT+12,-12.0,376,1.555168399507541e-05
Etc/GMT-12,12.0,312,1.2904588846977469e-05
Asia/Tokyo,9.0,298,1.2325536783331043e-05
America/Tijuana,-7.0,136,5.625077189708127e-06
Etc/GMT+8,-8.0,96,3.970642722146913e-06
America/Anchorage,-9.0,95,3.929281860457883e-06
America/Vancouver,-8.0,83,3.432951520189519e-06
Etc/GMT-9,9.0,48,1.9853213610734566e-06
Etc/GMT-10,10.0,13,5.376912019573945e-07
Asia/Anadyr,13.0,3,1.2408258506709103e-07
Asia/Vladivostok,11.0,1,4.136086168903035e-08
