user_id,n_points,share_affected,main_tz
160,28238,1.0,Asia/Phnom_Penh
172,43207,0.8248431967042378,America/Anchorage
082,172543,0.18529294146966263,Asia/Shanghai
163,969080,0.18274549056837414,Asia/Shanghai
089,30919,0.10204081632653061,Asia/Shanghai
144,582832,0.10066708759985725,Asia/Shanghai
142,178267,0.09927243965512406,Asia/Shanghai
153,2156958,0.08183052243020031,Asia/Shanghai
140,342496,0.06602120900682051,Asia/Shanghai
010,931813,0.050624964451021826,Asia/Shanghai
128,1208281,0.018789503435045325,Asia/Shanghai
052,373045,0.011290863032610007,Asia/Shanghai
084,401332,0.010086412247216767,Asia/Shanghai
127,22853,0.005425983459502035,Asia/Shanghai
012,147088,0.000843032742303927,Asia/Shanghai
017,1026176,1.169390046151927e-05,Asia/Shanghai
