band,n_gaps,stationary_pct,median_dist_m,n_users,share_pct
<=1m,24038413,99.20418207308444,9.162670051238365,182,99.5015858387809
1-5m,80600,77.0074441687345,29.20692949143853,181,0.3336255109106304
5-10m,15604,82.87618559343758,28.486951627872884,174,0.06458923662840542
10-20m,8783,77.84356142548104,29.153845170880242,172,0.03635524643086932
20-30m,3583,70.36003349148758,31.056160447171305,157,0.014831019920506065
30-60m,4499,63.36963769726606,80.35557839037857,156,0.01862259520579313
1-6h,7292,60.35381239714756,126.53520173025248,171,0.030183588406455547
6-24h,49,91.83673469387756,25.85239276324959,19,0.0002028244421168845
>24h,1,100.0,6.139087972149675,1,4.13927432891601e-06
