hour_local,end_of_file_a,start_of_file_b
0,2.8451403475272103,1.7567309528355928
1,2.8642352491884666,2.692381134237159
2,2.234103494367004,1.9285850677869008
3,1.1456940996753868,0.8210807714340271
4,0.9738399847240786,0.9356501814015659
5,0.8210807714340271,1.6994462478518237
6,1.6612564445293108,2.0431544777544395
7,3.5325568073324423,9.012793584113043
8,8.077143402711476,11.05594806186748
9,6.492266564827191,9.98663356883712
10,4.716440710330342,5.021959136910445
11,2.8069505442046974,4.181783463815162
12,3.1124689707848003,4.219973267137674
13,2.5587168226083636,3.8380752339125452
14,2.539621920947107,3.016994462478518
15,2.539621920947107,3.2079434790910826
16,3.876265037235058,3.914454840557571
17,4.468206988734008,6.9887340080198594
18,8.516326140920375,6.721405384762269
19,7.485201451212527,5.327477563490548
20,6.54955126981096,3.952644643880084
21,8.019858697727706,3.4179873973649038
22,7.46610654955127,2.5969066259308766
23,4.697345808669085,1.6612564445293108
