band,n_pairs,share_of_pairs,resume_within_200m,median_dist_m
<=20min,1414,0.0764820424058849,0.49434229137199437,207.0439219590779
20min-1h,853,0.046138035482475116,0.5357561547479485,164.25118433069153
1-3h,1288,0.06966681090437041,0.44565217391304346,243.41422809110514
3-6h,808,0.04370402423193423,0.34282178217821785,379.25177148879413
6-12h,5924,0.3204240588489831,0.4299459824442944,261.276213723969
12-18h,4075,0.22041324102120294,0.3391411042944785,356.40645105258073
18-24h,1390,0.0751839030722631,0.20431654676258992,1063.0887601508705
1-3d,1829,0.09892903504976201,0.20831055221432476,945.3082848549568
3-30d,805,0.0435417568152315,0.17888198757763976,1693.2971686942203
>30d,102,0.005517092167892687,0.14705882352941177,3081.35318381502
