band,trip_inside_gap_pct_far,trip_inside_gap_pct_near,n_pairs_far,n_pairs_near
<=20min,0.0,0.0,259,298
20min-1h,2.7522935779816518,0.0,109,96
1-3h,2.3391812865497075,1.3157894736842104,171,152
3-6h,3.3112582781456954,0.0,151,71
6-12h,6.332842415316642,6.608884073672806,1358,923
12-18h,9.469696969696969,5.396825396825397,1056,630
18-24h,10.352941176470589,7.627118644067797,425,118
1-3d,13.926174496644295,12.222222222222221,596,180
3-30d,25.64102564102564,27.586206896551722,234,58
>30d,34.285714285714285,25.0,35,8
