gap_hour,n_pairs,resume_within_200m,ci95,touches_plateau
0,2267,0.50992501102779,0.02057854845104573,False
1,773,0.49288486416558863,0.03524458099499287,False
2,515,0.37475728155339805,0.04180727086126521,False
3,356,0.35674157303370785,0.04976232645987866,False
4,262,0.3511450381679389,0.05779929068010731,False
5,190,0.30526315789473685,0.065482708180939,False
6,558,0.46415770609318996,0.04137997740157347,False
7,630,0.5285714285714286,0.038980336923462665,False
8,848,0.47523584905660377,0.03361203611702759,False
9,1240,0.42096774193548386,0.027480271378354848,False
10,1344,0.4114583333333333,0.026309220188227088,False
11,1304,0.36579754601226994,0.026142771594799552,False
12,1163,0.3404987102321582,0.027235275590229473,False
13,1123,0.3624220837043633,0.02811513367517573,False
14,708,0.3502824858757062,0.035140743104620245,False
15,429,0.331002331002331,0.04453026233498996,False
16,326,0.2883435582822086,0.04917423252525012,False
17,326,0.29141104294478526,0.049328449384658926,False
18,251,0.2350597609561753,0.052459253869606676,True
19,241,0.26556016597510373,0.055757992313875855,True
20,221,0.2398190045248869,0.05629375731119112,True
21,181,0.2154696132596685,0.059898325942378795,True
22,232,0.14655172413793102,0.045508880028695874,True
23,264,0.13257575757575757,0.04090740630990555,True
24,143,0.08391608391608392,0.045444181531947465,True
25,85,0.1411764705882353,0.07402522496006861,True
26,88,0.14772727272727273,0.07413689124772353,True
27,57,0.21052631578947367,0.10583776684667905,True
28,50,0.24,0.11838140394504536,True
29,39,0.2564102564102564,0.13704341103718617,True
30,37,0.24324324324324326,0.13824637604653728,True
31,38,0.18421052631578946,0.12325670208367379,True
32,38,0.3157894736842105,0.14779439819434767,True
33,57,0.2807017543859649,0.11665294503875787,True
34,74,0.40540540540540543,0.11186531692333208,False
35,90,0.28888888888888886,0.09364163073579353,True
36,66,0.2727272727272727,0.1074476791586212,True
37,73,0.4246575342465753,0.11339065742606863,False
38,70,0.2571428571428571,0.1023874992369674,True
39,67,0.208955223880597,0.09735221112627547,True
40,45,0.26666666666666666,0.1292066580862889,True
41,42,0.2619047619047619,0.1329717318887044,True
42,43,0.20930232558139536,0.12159454759385002,True
43,33,0.21212121212121213,0.13948286379869687,True
44,37,0.1891891891891892,0.12620109775671723,True
45,38,0.13157894736842105,0.1074787603154159,True
46,35,0.08571428571428572,0.09274481117561241,True
47,47,0.0851063829787234,0.07977622981305293,True
