t_max_h,bridged_near_pairs,overnight_pairs,users_with_overnight_pair,bridged_hours,median_bridged_gap_h
0.33,699,0,0,54.06055555555555,0.0125
1.0,1156,0,0,347.7166666666667,0.19680555555555557
3.0,1730,2,2,1369.8513888888888,0.5394444444444444
6.0,2007,8,6,2544.7238888888887,0.7597222222222222
12.0,4554,1316,99,26428.31638888889,7.018750000000001
18.0,5936,2407,121,45873.5375,8.928333333333335
24.0,6220,2677,125,51721.130277777775,9.239166666666666
48.0,6530,2987,137,62580.10250000001,9.536249999999999
168.0,6693,3150,144,76604.65055555556,9.689722222222223
inf,6760,3217,147,158190.6572222222,9.73
