user_a,user_b,shared_files,shared_points,share_of_a,share_of_b
153,163,225,612026,0.28374497788088593,0.6315536385024972
126,167,145,199587,0.4847603850161395,0.32791482859748133
000,003,129,160928,0.9255650773566457,0.33165576453034257
011,088,59,27030,0.2977003392219922,1.0
128,153,54,38993,0.03227146665386611,0.018077774347020202
089,144,25,23395,0.756654484297681,0.04014021193071074
057,150,22,2793,1.0,1.0
094,150,22,2793,1.0,1.0
057,094,22,2793,1.0,1.0
081,125,22,32704,0.7390400433878694,0.36105897679348187
115,140,14,6389,0.04305169032971032,0.018654232458189292
055,075,12,37466,0.9915837391488461,0.9992798655749073
084,085,11,23307,0.0580741132030339,0.0387243735763098
096,179,11,25027,0.10885990056589576,0.16114015658802927
013,070,11,35311,0.12127237946086664,1.0
010,124,10,120111,0.1289003265676697,1.0
015,032,10,13089,0.14918789536672936,0.4945216865649086
012,127,10,22853,0.1553695746763842,1.0
108,139,9,484,1.0,0.35772357723577236
112,163,9,10401,0.11484822720095403,0.010732860032195484
058,059,8,12606,0.9155348972329145,1.0
101,126,5,2974,0.2164798369486097,0.0072233030459799424
087,111,5,50,0.32894736842105265,0.003262429857758058
067,095,4,756,0.0019325202774035722,0.016594231529039907
125,136,4,622,0.006867009649142176,0.4762633996937213
101,109,4,595,0.04331052554957054,1.0
081,136,4,622,0.014055861881948838,0.4762633996937213
128,163,3,1702,0.001408612731641067,0.0017563049490238163
153,156,2,16277,0.00754627581992788,1.0
112,167,2,249,0.0027494672217130618,0.0004090987505236957
056,115,2,2600,0.6493506493506493,0.017519861458326316
056,082,2,2600,0.6493506493506493,0.015068707510591563
059,141,2,2935,0.23282563858480088,0.045313489061462695
058,141,2,2935,0.2131599970949234,0.045313489061462695
069,129,2,16007,0.9720063152781151,0.9798004529595397
082,115,2,2600,0.015068707510591563,0.017519861458326316
056,163,1,2225,0.5556943056943057,0.0022959920749576917
056,128,1,375,0.09365634365634366,0.0003103582693098708
078,167,1,7442,0.09858128783563604,0.012226959443362825
082,163,1,2225,0.012895336235025472,0.0022959920749576917
082,128,1,375,0.0021733712755660907,0.0003103582693098708
110,167,1,229,0.04148550724637681,0.0003762394131322342
115,128,1,375,0.002526903094950911,0.0003103582693098708
115,163,1,2225,0.014992958363375403,0.0022959920749576917
