user_id,files,shared_files,points,shared_points,shared_share
059,8,8,12606,12606.0,1.0
070,11,11,35311,35311.0,1.0
057,22,22,2793,2793.0,1.0
088,59,59,27030,27030.0,1.0
127,10,10,22853,22853.0,1.0
150,22,22,2793,2793.0,1.0
156,2,2,16277,16277.0,1.0
124,10,10,120111,120111.0,1.0
108,9,9,484,484.0,1.0
109,4,4,595,595.0,1.0
094,22,22,2793,2793.0,1.0
075,13,12,37493,37466.0,0.9992798655749073
055,24,12,37784,37466.0,0.9915837391488461
129,8,2,16337,16007.0,0.9798004529595397
069,8,2,16468,16007.0,0.9720063152781151
000,171,129,173870,160928.0,0.9255650773566457
058,22,8,13769,12606.0,0.9155348972329145
089,64,25,30919,23395.0,0.756654484297681
081,32,22,44252,32704.0,0.7390400433878694
056,31,2,4004,2600.0,0.6493506493506493
163,809,235,969080,624652.0,0.6445824906096503
032,16,10,26468,13089.0,0.4945216865649086
126,263,150,411723,202561.0,0.49198368806211945
136,17,4,1306,622.0,0.4762633996937213
125,57,22,90578,32704.0,0.36105897679348187
139,19,9,1353,484.0,0.35772357723577236
167,385,149,608655,207507.0,0.3409271262045001
003,322,129,485226,160928.0,0.33165576453034257
087,8,5,152,50.0,0.32894736842105265
153,2024,278,2156958,665594.0,0.30857995380531283
011,201,59,90796,27030.0,0.2977003392219922
101,68,9,13738,3569.0,0.2597903624981802
179,71,11,155312,25027.0,0.16114015658802927
012,77,10,147088,22853.0,0.1553695746763842
015,67,10,87735,13089.0,0.14918789536672936
010,161,10,931813,120111.0,0.1289003265676697
013,144,11,291171,35311.0,0.12127237946086664
112,212,11,90563,10650.0,0.1175976944226671
096,112,11,229901,25027.0,0.10885990056589576
078,100,1,75491,7442.0,0.09858128783563604
115,184,16,148403,8989.0,0.06057155178803663
084,215,11,401332,23307.0,0.0580741132030339
141,34,2,64771,2935.0,0.045313489061462695
110,25,1,5520,229.0,0.04148550724637681
144,610,25,582832,23395.0,0.04014021193071074
085,427,11,601869,23307.0,0.0387243735763098
128,2153,55,1208281,39368.0,0.03258182492317598
140,380,14,342496,6389.0,0.018654232458189292
095,36,4,45558,756.0,0.016594231529039907
082,96,2,172543,2600.0,0.015068707510591563
111,44,5,15326,50.0,0.003262429857758058
067,120,4,391199,756.0,0.0019325202774035722
