user_a,user_b,shared_files,share_of_a,share_of_b,matched_minutes,close_minutes,close_share
153,163,225,0.28374497788088593,0.6315536385024972,3072.0,2698.0,0.8782552083333334
126,167,145,0.4847603850161395,0.32791482859748133,3918.0,3589.0,0.9160285860132721
000,003,129,0.9255650773566457,0.33165576453034257,167.0,2.0,0.011976047904191617
011,088,59,0.2977003392219922,1.0,,,
128,153,54,0.03227146665386611,0.018077774347020202,5786.0,114.0,0.0197027307293467
089,144,25,0.756654484297681,0.04014021193071074,358.0,218.0,0.6089385474860335
057,150,22,1.0,1.0,,,
094,150,22,1.0,1.0,,,
057,094,22,1.0,1.0,,,
081,125,22,0.7390400433878694,0.36105897679348187,,,
115,140,14,0.04305169032971032,0.018654232458189292,16.0,0.0,0.0
055,075,12,0.9915837391488461,0.9992798655749073,3.0,3.0,1.0
084,085,11,0.0580741132030339,0.0387243735763098,2032.0,50.0,0.024606299212598427
096,179,11,0.10885990056589576,0.16114015658802927,338.0,249.0,0.7366863905325444
013,070,11,0.12127237946086664,1.0,,,
010,124,10,0.1289003265676697,1.0,,,
015,032,10,0.14918789536672936,0.4945216865649086,33.0,33.0,1.0
012,127,10,0.1553695746763842,1.0,,,
108,139,9,1.0,0.35772357723577236,,,
112,163,9,0.11484822720095403,0.010732860032195484,88.0,0.0,0.0
058,059,8,0.9155348972329145,1.0,,,
101,126,5,0.2164798369486097,0.0072233030459799424,6.0,0.0,0.0
087,111,5,0.32894736842105265,0.003262429857758058,,,
067,095,4,0.0019325202774035722,0.016594231529039907,172.0,85.0,0.4941860465116279
125,136,4,0.006867009649142176,0.4762633996937213,,,
101,109,4,0.04331052554957054,1.0,,,
081,136,4,0.014055861881948838,0.4762633996937213,,,
128,163,3,0.001408612731641067,0.0017563049490238163,776.0,73.0,0.09407216494845361
153,156,2,0.00754627581992788,1.0,,,
112,167,2,0.0027494672217130618,0.0004090987505236957,358.0,44.0,0.12290502793296089
056,115,2,0.6493506493506493,0.017519861458326316,,,
056,082,2,0.6493506493506493,0.015068707510591563,,,
059,141,2,0.23282563858480088,0.045313489061462695,,,
058,141,2,0.2131599970949234,0.045313489061462695,,,
069,129,2,0.9720063152781151,0.9798004529595397,111.0,100.0,0.9009009009009009
082,115,2,0.015068707510591563,0.017519861458326316,,,
056,163,1,0.5556943056943057,0.0022959920749576917,224.0,136.0,0.6071428571428571
056,128,1,0.09365634365634366,0.0003103582693098708,,,
078,167,1,0.09858128783563604,0.012226959443362825,204.0,21.0,0.10294117647058823
082,163,1,0.012895336235025472,0.0022959920749576917,,,
082,128,1,0.0021733712755660907,0.0003103582693098708,864.0,6.0,0.006944444444444444
110,167,1,0.04148550724637681,0.0003762394131322342,20.0,19.0,0.95
115,128,1,0.002526903094950911,0.0003103582693098708,163.0,9.0,0.05521472392638037
115,163,1,0.014992958363375403,0.0022959920749576917,470.0,1.0,0.002127659574468085
