user_id,stays,stays_from_shared,dwell_h,dwell_h_from_shared,dwell_share_from_shared
000,405,291,1571.4144444444444,556.9591666666668,0.35443174691166424
001,119,0,709.8841666666665,0.0,0.0
002,257,0,1154.4794444444444,0.0,0.0
003,888,291,3303.440833333333,556.9591666666668,0.16859971004979912
004,1156,0,4581.299166666667,0.0,0.0
005,135,0,471.37527777777774,0.0,0.0
006,22,0,71.69611111111111,0.0,0.0
007,112,0,245.68694444444446,0.0,0.0
008,55,0,141.1363888888889,0.0,0.0
009,100,0,623.6311111111113,0.0,0.0
010,77,6,257.2700000000001,8.043611111111112,0.03126525094690834
011,102,1,545.0816666666666,0.5694444444444444,0.0010446956470335231
012,113,9,700.7177777777778,18.77833333333333,0.02679871116283937
013,87,11,551.9769444444445,21.123055555555553,0.03826800334353739
014,311,0,777.0661111111111,0.0,0.0
015,97,13,440.5241666666667,10.833333333333334,0.02459191606968214
016,61,0,267.2605555555555,0.0,0.0
017,678,0,1670.3291666666667,0.0,0.0
018,52,0,124.16972222222219,0.0,0.0
019,33,0,66.6063888888889,0.0,0.0
020,59,0,372.63944444444445,0.0,0.0
021,10,0,7.93638888888889,0.0,0.0
022,358,0,1161.1419444444443,0.0,0.0
023,86,0,150.7802777777778,0.0,0.0
024,225,0,919.5044444444444,0.0,0.0
025,425,0,1272.6475,0.0,0.0
026,69,0,184.69555555555553,0.0,0.0
027,9,0,69.88777777777777,0.0,0.0
028,60,0,261.4308333333333,0.0,0.0
029,32,0,182.96583333333334,0.0,0.0
030,771,0,3048.992222222222,0.0,0.0
031,5,0,17.37972222222222,0.0,0.0
032,32,13,78.86972222222224,10.833333333333334,0.13735731568585324
033,45,0,93.7213888888889,0.0,0.0
034,114,0,209.28,0.0,0.0
035,394,0,1416.431388888889,0.0,0.0
036,147,0,295.9405555555556,0.0,0.0
037,121,0,239.6063888888889,0.0,0.0
038,214,0,476.17305555555555,0.0,0.0
039,277,0,1099.7841666666668,0.0,0.0
040,54,0,167.38222222222217,0.0,0.0
041,334,0,733.3816666666667,0.0,0.0
042,115,0,183.2427777777778,0.0,0.0
043,83,0,247.77972222222223,0.0,0.0
044,85,0,319.90916666666664,0.0,0.0
045,5,0,19.68,0.0,0.0
046,16,0,111.69444444444444,0.0,0.0
047,11,0,79.41027777777778,0.0,0.0
048,4,0,6.107222222222222,0.0,0.0
050,87,0,190.93444444444447,0.0,0.0
051,50,0,117.75638888888889,0.0,0.0
052,200,0,495.1,0.0,0.0
053,10,0,23.118055555555554,0.0,0.0
054,4,0,15.788055555555555,0.0,0.0
055,23,12,130.74444444444444,60.259722222222216,0.4608970000849834
056,16,1,115.16805555555557,3.598888888888889,0.03124902015171066
057,30,18,147.5077777777778,34.86277777777777,0.23634535278742358
058,16,8,59.23055555555556,8.956666666666669,0.15121699573230785
059,11,8,40.535833333333336,8.956666666666669,0.22095676664679403
061,17,0,107.21388888888889,0.0,0.0
062,186,0,457.0963888888889,0.0,0.0
063,17,0,19.169722222222227,0.0,0.0
064,29,0,114.53777777777779,0.0,0.0
065,85,0,408.7816666666667,0.0,0.0
066,27,0,51.82166666666665,0.0,0.0
067,108,3,248.28027777777777,11.727777777777778,0.047236042599705305
068,581,0,2825.7308333333335,0.0,0.0
069,20,2,23.83333333333333,4.1475,0.17402097902097904
070,13,11,52.22944444444444,21.123055555555553,0.4044281110059247
071,75,0,237.38916666666668,0.0,0.0
073,68,0,573.2480555555555,0.0,0.0
074,18,0,160.50472222222226,0.0,0.0
075,13,12,71.10805555555554,60.259722222222216,0.8474387571340958
076,4,0,21.262222222222224,0.0,0.0
077,2,0,2.417777777777778,0.0,0.0
078,60,2,440.86333333333334,4.3711111111111105,0.009914889219889256
079,5,0,52.68388888888889,0.0,0.0
080,6,0,45.55277777777778,0.0,0.0
081,20,11,85.16555555555556,16.698333333333334,0.1960690941825725
082,115,1,358.8155555555556,3.598888888888889,0.010029913233044523
083,33,0,112.11777777777777,0.0,0.0
084,229,8,723.6497222222223,9.288055555555555,0.012835015713173076
085,322,8,1798.0841666666668,9.288055555555555,0.00516552880434623
086,5,0,6.861666666666666,0.0,0.0
087,4,0,47.87083333333333,0.0,0.0
088,24,1,125.30944444444442,0.5694444444444444,0.004544305873903271
089,29,5,152.94694444444443,6.589999999999999,0.04308683657550094
090,3,0,3.0155555555555558,0.0,0.0
091,45,0,425.1608333333333,0.0,0.0
092,86,0,297.82944444444445,0.0,0.0
093,5,0,42.77333333333333,0.0,0.0
094,30,18,147.5077777777778,34.86277777777777,0.23634535278742358
095,16,3,61.952777777777776,11.727777777777778,0.1893018876384343
096,104,6,496.79833333333335,8.335555555555555,0.016778549758061898
097,20,0,132.92611111111108,0.0,0.0
098,10,0,20.6875,0.0,0.0
099,9,0,28.213055555555556,0.0,0.0
100,2,0,3.0302777777777776,0.0,0.0
101,52,1,111.16361111111112,2.917777777777778,0.0262475980099403
102,4,0,14.436666666666667,0.0,0.0
103,22,0,115.41499999999999,0.0,0.0
104,125,0,383.4544444444444,0.0,0.0
105,12,0,21.753333333333334,0.0,0.0
106,11,0,13.01611111111111,0.0,0.0
107,1,0,11.49638888888889,0.0,0.0
108,6,5,11.254722222222222,3.8058333333333336,0.3381543549621147
109,1,0,8.523055555555555,0.0,0.0
110,11,0,22.785555555555554,0.0,0.0
111,32,0,91.775,0.0,0.0
112,157,9,1082.2244444444445,11.138611111111112,0.010292329995215616
113,19,0,207.04333333333335,0.0,0.0
114,2,0,23.102500000000003,0.0,0.0
115,64,5,327.8672222222222,9.101944444444445,0.027761068589757715
117,1,0,12.615555555555554,0.0,0.0
118,5,0,19.315277777777784,0.0,0.0
119,98,0,290.75277777777774,0.0,0.0
120,7,0,15.557222222222226,0.0,0.0
121,5,0,4.315555555555556,0.0,0.0
122,46,0,70.83805555555556,0.0,0.0
123,11,0,9.985277777777778,0.0,0.0
124,6,6,8.043611111111112,8.043611111111112,1.0
125,44,11,117.84083333333334,16.698333333333334,0.1417024376100531
126,231,86,846.4661111111111,142.60777777777776,0.16847429082610774
127,13,9,67.82277777777777,18.77833333333333,0.2768735511668482
128,1012,26,6297.665833333333,39.58888888888889,0.006286279700543372
129,11,2,10.454722222222223,4.1475,0.3967106836357839
130,33,0,106.49388888888889,0.0,0.0
131,50,0,109.19194444444445,0.0,0.0
132,7,0,9.701944444444443,0.0,0.0
133,10,0,24.066944444444445,0.0,0.0
134,33,0,218.88,0.0,0.0
135,16,0,34.34,0.0,0.0
136,16,3,114.71666666666667,5.540277777777778,0.048295316964501914
138,8,0,6.5325,0.0,0.0
139,14,5,46.19083333333333,3.8058333333333336,0.08239369283227192
140,186,4,598.3647222222222,5.503055555555556,0.009196824864805143
141,19,2,98.4725,1.126388888888889,0.011438613713360473
142,148,0,796.6430555555555,0.0,0.0
143,5,0,5.01111111111111,0.0,0.0
144,418,5,2115.8747222222223,6.589999999999999,0.0031145511266748222
145,12,0,18.565277777777776,0.0,0.0
146,7,0,35.81583333333333,0.0,0.0
147,30,0,231.95111111111112,0.0,0.0
148,3,0,2.4877777777777776,0.0,0.0
150,30,18,147.5077777777778,34.86277777777777,0.23634535278742358
151,2,0,1.8380555555555556,0.0,0.0
152,6,0,6.0747222222222215,0.0,0.0
153,1921,353,12322.335833333334,447.5858333333333,0.03632313218753235
154,27,0,237.92444444444442,0.0,0.0
155,30,0,142.74555555555557,0.0,0.0
156,7,7,7.577222222222221,7.577222222222221,1.0
157,23,0,64.68833333333335,0.0,0.0
158,12,0,59.45722222222223,0.0,0.0
159,36,0,52.23777777777778,0.0,0.0
160,18,0,17.394722222222224,0.0,0.0
161,7,0,48.89277777777777,0.0,0.0
162,4,0,23.167500000000004,0.0,0.0
163,845,335,4349.176111111111,425.1861111111111,0.0977624497717767
164,6,0,15.521944444444443,0.0,0.0
165,28,0,76.56916666666667,0.0,0.0
166,3,0,13.385277777777778,0.0,0.0
167,392,87,1862.6705555555557,144.0611111111111,0.0773411651789083
168,79,0,504.13111111111107,0.0,0.0
169,10,0,79.27444444444446,0.0,0.0
171,4,0,22.663055555555555,0.0,0.0
172,22,0,32.97944444444445,0.0,0.0
173,3,0,20.0075,0.0,0.0
174,49,0,119.14666666666668,0.0,0.0
175,3,0,3.4463888888888894,0.0,0.0
176,7,0,9.248888888888889,0.0,0.0
177,1,0,0.6372222222222222,0.0,0.0
179,58,6,246.19361111111115,8.335555555555555,0.03385772489357404
180,7,0,16.191388888888888,0.0,0.0
181,21,0,59.461666666666666,0.0,0.0
