user_id,arrival,duration_min,overlapping_s2,shift_m,duration_change_min,same_times,quarantine_inside,kind
007,2008-11-21 10:58:56,99.83333333333333,1,0.9473624568920775,-0.0833333333333286,False,,small
008,2008-11-12 06:24:48,48.3,1,1.34621017973387,0.0,True,,small
008,2008-12-06 11:00:57,55.016666666666666,1,0.4638310508487974,0.0,True,,small
010,2007-09-19 12:15:46,30.6,1,5.473352860078347,-0.03333333333333499,False,,small
010,2007-09-22 05:51:19,42.21666666666667,1,2.741788988208906,0.0,True,,small
010,2007-10-21 19:46:14,62.666666666666664,1,4.906970654111133,0.01666666666666572,False,,small
010,2007-10-24 08:51:49,180.31666666666666,1,0.2276945609074641,0.0,True,,small
010,2007-10-24 14:50:40,255.31666666666666,1,0.2037739683469332,0.03333333333333144,False,,small
010,2007-12-14 17:57:50,45.766666666666666,1,2.5660881954383443,0.0,True,,small
010,2007-12-28 08:02:15,50.93333333333333,1,1.5557255072899305,0.016666666666672825,False,,small
012,2008-11-14 09:46:39,41.18333333333333,1,1.5435214908100061,0.0,True,,small
013,2008-10-28 09:26:43,51.88333333333333,1,26.427593343421915,722.15,False,duplicate_ambiguous_candidates,large
013,2008-10-28 10:18:40,722.5833333333334,2,51.84482043680705,-246.4333333333334,False,duplicate_ambiguous_candidates,large
013,2008-10-28 22:21:16,476.03333333333336,1,1.0059426735996946,0.1166666666666174,False,,small
013,2008-11-16 05:49:43,46.05,1,66.57603885746833,13.75,False,duplicate_ambiguous_candidates,large
017,2009-06-27 15:04:55,41.56666666666667,1,1.8502595614384891,0.0,True,,small
030,2009-01-18 08:42:00,54.21666666666667,1,0.3469733309384453,0.0,True,,small
030,2009-03-12 08:09:39,33.016666666666666,1,0.8622838070421225,0.0,True,,small
030,2009-03-15 09:35:04,63.88333333333333,1,0.6458063201472982,0.0,True,,small
030,2009-05-23 07:04:08,58.666666666666664,1,31.161009240611424,28.000000000000007,False,duplicate_ambiguous_candidates,large
045,2010-06-26 18:17:31,55.55,1,1.4311135212124824,0.0,True,,small
058,2011-08-29 10:44:01,34.06666666666667,1,0.6071668469953698,0.03333333333333144,False,,small
058,2011-08-29 11:18:06,33.516666666666666,2,1.2982772812488825,-0.03333333333333144,False,,large
058,2011-08-29 11:51:37,746.55,1,1.461920709922682,0.033333333333416704,False,,small
059,2011-08-29 10:44:01,34.06666666666667,1,0.6071668469953698,0.03333333333333144,False,,small
059,2011-08-29 11:18:06,33.516666666666666,2,1.2982772812488825,-0.03333333333333144,False,,large
059,2011-08-29 11:51:37,746.55,1,1.461920709922682,0.033333333333416704,False,,small
065,2011-08-24 13:51:21,647.2,1,4.544312499378265,-0.016666666666765195,False,,small
065,2011-08-25 00:58:25,828.5166666666667,0,,,False,,large
065,2011-08-28 01:11:21,369.1,1,2.6445150322314985,0.0,True,,small
065,2011-08-28 14:14:04,650.4833333333333,1,1.4289571229797589,1.6833333333332803,False,,small
065,2011-08-30 11:48:08,36.95,1,4.015269674255809,0.8999999999999986,False,,small
065,2011-08-30 13:07:39,36.75,1,1.2885931635708432,-0.03333333333333144,False,,small
065,2011-08-30 13:44:25,46.9,1,3.1694390195646887,0.01666666666666572,False,,small
065,2011-09-01 01:00:55,32.63333333333333,1,1.4502293745469121,0.0,True,,small
065,2011-09-01 11:10:21,126.9,1,2.3256390066703085,-0.01666666666666572,False,,small
065,2011-09-01 13:31:49,698.8166666666667,1,2.0876542046446747,-0.016666666666765195,False,,small
065,2011-09-02 01:29:05,154.56666666666666,1,0.2810881628189603,0.0,True,,small
065,2011-09-02 11:08:30,1066.95,1,0.7045825275283478,0.0,True,,small
065,2011-09-07 13:04:58,47.85,1,0.3977401690789965,0.0,False,,small
065,2011-09-08 14:24:22,618.9,1,4.083210162068806,-0.03333333333330302,False,,small
065,2011-09-14 14:16:11,676.4,1,1.7326898662048478,0.01666666666665151,False,,small
065,2011-09-17 03:54:05,57.083333333333336,1,0.6675199520577192,0.0,False,,small
065,2011-09-18 09:23:44,864.4166666666666,1,2.5508758658928588,0.033333333333416704,False,,small
065,2011-09-19 01:39:10,191.93333333333334,1,3.8841739031439313,0.549999999999983,False,,small
065,2011-09-19 14:18:54,33.36666666666667,1,0.9602858621283885,0.03333333333333144,False,,small
065,2011-09-25 02:42:51,351.21666666666664,1,2.3060040544040814,0.0,True,,small
065,2011-09-27 13:53:10,243.58333333333334,1,2.671322984780981,0.01666666666665151,False,,small
065,2011-09-29 00:59:54,41.733333333333334,1,0.18569804106377047,0.03333333333333144,False,,small
065,2011-09-29 02:00:22,724.9166666666666,1,1.6112223747153522,-0.01666666666665151,False,,small
065,2011-10-03 03:01:26,53.4,1,1.4004091802107204,-0.01666666666666572,False,,small
065,2011-10-05 03:56:35,142.06666666666666,1,0.07770687672929147,-0.01666666666665151,False,,small
065,2011-10-05 06:18:39,40.15,1,0.2828574149310106,0.0,True,,small
065,2011-10-05 15:28:22,770.2166666666667,1,2.4814920748421248,-0.01666666666665151,False,,small
065,2011-10-09 01:30:34,637.1,1,4.706503908702736,0.03333333333330302,False,,small
065,2011-10-14 01:16:19,524.2333333333333,1,6.449568848090249,-0.06666666666671972,False,,small
065,2011-10-15 01:55:02,47.65,1,0.6451108385778433,-0.03333333333333144,False,,small
065,2011-10-18 09:04:03,84.06666666666666,1,0.36487205351377333,0.0,True,,small
065,2011-10-18 14:13:47,637.1166666666667,1,5.545053982833332,-0.03333333333330302,False,,small
065,2011-10-24 12:20:18,732.1833333333333,1,4.332266264986636,-0.03333333333330302,False,,small
065,2011-10-25 09:11:13,35.233333333333334,1,0.6164393367983503,-0.05000000000000426,False,,small
066,2009-05-13 14:48:17,54.333333333333336,1,0.44167778080346975,0.0,True,,small
078,2008-05-30 07:45:43,118.31666666666666,1,0.04236146900500217,0.01666666666666572,False,,small
078,2008-05-30 09:44:03,143.95,1,1.3544463431297538,-0.01666666666665151,False,,small
089,2008-05-03 02:15:03,51.833333333333336,1,5.321434481973351,0.0,True,,small
089,2008-05-11 07:20:23,230.68333333333334,1,0.6020705803376618,0.0,True,,small
096,2008-08-11 01:24:04,689.05,1,12.641218209098927,-0.03333333333330302,False,,small
096,2008-08-12 01:34:45,680.8833333333333,1,16.31313084023542,0.06666666666671972,False,,small
112,2008-07-09 01:33:37,944.7666666666667,1,0.6597021135221048,0.0,True,,small
115,2008-09-25 12:32:14,241.7,1,0.0912719876046317,0.0,True,,small
119,2008-09-24 02:43:51,75.73333333333333,0,,,False,duplicate_ambiguous_candidates,large
119,2008-09-24 03:59:35,39.93333333333333,1,0.5485048827788773,-5.799999999999997,False,duplicate_ambiguous_candidates,large
120,2009-09-20 09:35:17,45.7,1,0.1735738559400005,0.0,True,,small
125,2008-10-06 10:19:55,251.16666666666666,1,0.1575339426414398,-0.08333333333331439,False,,small
125,2008-10-08 12:35:57,45.333333333333336,1,0.8902255514992492,-0.0833333333333357,False,,small
125,2008-10-11 10:15:18,162.71666666666667,1,1.5144643627548486,-0.08333333333334281,False,,small
126,2008-06-07 10:30:15,949.5833333333334,1,1.1600511644509934,0.01666666666665151,False,,small
126,2008-10-15 15:17:48,713.8,1,19.2358371349827,-0.7999999999999545,False,,small
126,2008-10-16 08:57:14,38.6,1,0.32775720744301273,-0.03333333333333144,False,,small
126,2008-10-17 10:26:29,984.0,1,1.6669661509373541,0.0,True,,small
126,2008-10-18 02:54:19,80.93333333333334,1,3.588957719832406,0.0,False,,small
126,2008-10-18 04:15:17,45.5,1,0.08690278850035213,-0.03333333333333144,False,,small
126,2008-10-18 13:51:20,727.6666666666666,1,2.924768482973423,0.0,True,,small
126,2008-10-19 01:59:10,43.85,1,0.398903279088071,0.0,True,,small
126,2008-10-19 03:17:09,106.13333333333334,1,1.0505578368876576,0.0,True,,small
126,2008-10-19 13:11:01,85.38333333333334,1,0.44497612716170815,-0.03333333333334565,False,,small
126,2008-10-19 14:57:02,642.6166666666667,1,1.4285768276264053,0.0,True,,small
126,2008-10-20 02:03:18,442.8666666666667,1,7.608967173928826,0.0,False,,small
141,2011-08-29 10:44:01,34.06666666666667,1,0.6071668463453244,0.03333333333333144,False,,small
141,2011-08-29 11:18:06,33.516666666666666,2,1.3954591528450493,-0.03333333333333144,False,,large
141,2011-08-29 11:51:37,746.55,1,1.5323651511794918,0.033333333333416704,False,,small
141,2011-09-02 12:17:35,961.2,1,1.835567791155969,-0.016666666666765195,False,,small
141,2011-09-03 05:18:41,38.3,1,1.752577158687967,-0.01666666666666572,False,,small
141,2011-09-09 09:56:15,37.03333333333333,1,2.970611013781571,-0.5166666666666657,False,,small
141,2011-09-09 11:55:05,1027.0666666666666,1,0.4197912616032788,-0.01666666666665151,False,,small
141,2011-09-24 05:51:41,35.18333333333333,1,3.1296682324653116,0.11666666666666714,False,,small
141,2011-10-08 00:46:22,466.2,1,1.5281001005591857,-0.01666666666665151,False,,small
141,2011-10-08 11:21:47,813.6666666666666,1,1.6305789362724121,-0.03333333333330302,False,,small
141,2011-10-09 11:42:07,758.9833333333333,1,1.5167896298630432,0.01666666666665151,False,,small
141,2011-10-10 11:15:48,95.3,1,0.5471243874661045,-0.03333333333333144,False,,small
141,2011-10-22 03:41:02,45.11666666666667,1,0.20341107312186166,-0.01666666666666572,False,,small
141,2011-10-22 09:09:14,38.43333333333333,1,0.3120143142922411,0.05000000000000426,False,,small
141,2011-10-23 02:42:34,40.9,1,0.1569177620464217,0.0,False,,small
141,2011-10-23 03:26:35,34.46666666666667,1,0.6940298772232215,-0.01666666666666572,False,,small
144,2008-05-03 02:15:03,51.833333333333336,1,5.321434481973351,0.0,True,,small
144,2008-05-11 07:20:23,230.68333333333334,1,0.6020705803376618,0.0,True,,small
144,2008-11-16 12:08:01,525.25,1,2.21668708366243,0.0,True,,small
152,2008-08-23 05:20:22,108.48333333333333,1,152.35389660555515,-2.63333333333334,False,,large
153,2009-04-19 03:13:51,33.983333333333334,1,115.83494192369345,4.0,False,duplicate_ambiguous_candidates,large
153,2009-08-07 02:41:30,58.46666666666667,1,2.994490473744308,0.0,True,,small
153,2009-09-11 12:20:46,683.05,1,0.7339977835250704,0.0,True,,small
153,2010-08-08 11:29:27,59.75,1,1.1299276633036268,0.0,True,duplicate_ambiguous_candidates,small
153,2011-01-01 09:55:38,45.03333333333333,1,0.8867185236024157,0.0,True,,small
163,2009-04-19 03:13:51,33.983333333333334,1,115.83494192369345,4.0,False,duplicate_ambiguous_candidates,large
163,2010-08-08 11:29:27,59.75,1,1.1299276633036268,0.0,True,duplicate_ambiguous_candidates,small
163,2011-02-11 00:30:48,36.03333333333333,1,0.6224185445901668,0.0,True,,small
165,2011-11-13 03:23:36,81.0,1,0.10810003512375613,0.0,True,,small
165,2011-11-18 00:34:27,49.75,1,0.3303716223790509,-0.04999999999999716,False,,small
165,2011-11-18 15:59:48,544.5,1,2.60716428729497,0.03333333333330302,False,,small
165,2011-11-19 01:15:29,62.38333333333333,1,0.13002948859294794,-0.06666666666666288,False,,small
165,2011-11-19 06:05:59,43.96666666666667,1,0.5431390378033997,0.0,True,,small
165,2011-11-19 07:26:46,50.483333333333334,1,4.040179127776765,0.4833333333333343,False,,small
165,2011-11-20 02:35:34,37.166666666666664,1,0.5554538986597914,0.0,True,,small
165,2011-11-20 03:13:02,193.85,1,0.6699202999559567,-0.03333333333333144,False,,small
165,2011-11-20 06:42:42,37.81666666666667,1,2.4695041063843464,0.3499999999999943,False,,small
165,2011-11-20 07:28:34,50.0,1,63.59128733881709,4.649999999999999,False,,large
165,2011-11-21 00:43:21,36.78333333333333,1,0.25415168448417413,0.01666666666666572,False,,small
167,2008-05-21 10:12:43,60.9,1,24.80528256936419,9.233333333333341,False,duplicate_ambiguous_candidates,large
167,2008-05-28 14:45:28,637.9,1,0.8365470396900071,0.0,True,,small
167,2008-05-29 11:16:19,268.95,1,0.31443296046831026,-0.01666666666665151,False,,small
167,2008-05-30 07:45:43,118.31666666666666,1,0.04236146900500217,0.01666666666666572,False,,small
167,2008-05-30 09:44:03,143.95,1,1.3544463431297538,-0.01666666666665151,False,,small
167,2008-06-04 17:29:37,511.8,1,1.744529752917896,0.0,True,,small
167,2008-06-05 16:50:06,561.2333333333333,1,0.3653046538171803,-0.01666666666665151,False,,small
167,2008-06-07 10:30:15,949.5833333333334,1,1.1600511644509934,0.01666666666665151,False,,small
167,2008-06-20 11:12:41,89.96666666666667,1,0.0929152802791768,0.0,True,,small
167,2008-06-21 16:51:07,518.2333333333333,1,0.6221532667317764,0.0,True,,small
167,2008-07-02 02:41:13,887.8666666666667,1,3.126577273555848,0.03333333333330302,False,,small
167,2008-07-18 14:28:05,40.36666666666667,1,21.467263197300763,1.3999999999999986,False,duplicate_ambiguous_candidates,large
167,2008-10-15 15:17:48,713.8,1,19.2358371349827,-0.7999999999999545,False,,small
167,2008-10-16 08:57:14,38.6,1,0.32775720744301273,-0.03333333333333144,False,,small
167,2008-10-17 10:26:29,984.0,1,1.6669661509373541,0.0,True,,small
167,2008-10-18 02:54:19,80.93333333333334,1,3.588957719832406,0.0,False,,small
167,2008-10-18 04:15:17,45.5,1,0.08690278850035213,-0.03333333333333144,False,,small
167,2008-10-18 13:51:20,727.6666666666666,1,2.924768482973423,0.0,True,,small
167,2008-10-19 01:59:10,43.85,1,0.398903279088071,0.0,True,,small
167,2008-10-19 03:17:09,106.13333333333334,1,1.0505578368876576,0.0,True,,small
167,2008-10-19 13:11:01,85.38333333333334,1,0.44497612716170815,-0.03333333333334565,False,,small
167,2008-10-19 14:57:02,642.6166666666667,1,1.4285768276264053,0.0,True,,small
167,2008-10-20 02:03:18,442.8666666666667,1,7.608967173928826,0.0,False,,small
179,2008-10-12 08:54:12,41.46666666666667,1,2.8327286601477413,-0.06666666666666998,False,,small
179,2008-10-14 12:17:26,790.3666666666667,1,1.6124528394713646,-0.06666666666671972,False,,small
