,S0->S1,S1->S2,S2->S3
000,16,0,0
001,3,0,0
002,2,0,0
003,28,0,0
004,14,0,0
005,4,0,0
006,7,0,0
007,5,2,0
008,10,4,0
009,7,1,0
010,16,14,0
011,12,0,0
012,2,2,0
013,8,7,0
014,10,0,0
015,8,0,0
016,4,0,0
017,9,2,0
018,5,0,0
019,1,0,0
020,6,0,0
022,19,0,0
023,6,0,0
024,9,0,0
025,18,0,0
026,12,0,0
028,5,0,0
029,3,0,0
030,11,8,0
031,4,0,0
032,1,0,0
034,10,0,0
035,3,0,0
036,9,0,0
037,4,0,0
038,11,0,0
039,9,0,0
040,5,0,0
041,1,0,0
042,1,0,0
043,5,0,0
044,6,0,0
045,2,2,0
046,2,0,0
047,1,0,0
048,1,0,0
050,2,0,0
051,3,0,0
052,9,0,0
055,1,0,0
056,4,0,0
058,4,6,0
059,2,6,0
060,1,0,0
062,13,0,0
063,1,0,0
064,1,0,0
065,22,67,0
066,0,2,0
067,9,0,0
068,54,0,0
069,2,0,0
071,8,0,0
073,31,0,0
074,6,0,0
075,1,0,0
076,1,0,0
078,12,4,0
079,1,0,0
081,4,0,0
082,15,0,0
083,1,0,0
084,16,0,0
085,39,0,0
087,1,0,0
088,3,0,0
089,3,4,0
092,20,0,0
093,3,0,0
095,7,0,0
096,6,4,0
097,2,0,0
099,2,0,0
100,1,0,0
101,3,0,0
103,3,0,0
104,13,0,0
107,1,0,0
110,3,0,0
111,1,0,0
112,13,2,0
113,1,0,0
114,1,0,0
115,4,2,0
117,2,0,0
119,2,3,0
120,0,2,0
121,1,0,0
122,2,0,0
124,1,0,0
125,3,6,0
126,17,24,0
128,71,1,0
129,4,0,0
130,2,0,0
131,1,0,0
132,2,0,0
133,2,0,0
134,7,0,0
135,5,0,0
136,6,0,0
138,1,0,0
140,11,0,0
141,19,32,0
142,12,0,0
144,35,6,0
145,1,0,0
147,7,0,0
148,1,0,0
152,0,2,0
153,142,10,0
154,3,0,0
155,2,0,0
158,10,0,0
159,3,0,0
161,2,0,0
163,81,6,0
164,1,0,0
165,5,22,0
166,2,0,0
167,40,46,0
168,7,0,0
169,2,0,0
171,1,0,0
173,3,0,0
174,10,0,0
176,1,0,0
179,10,4,0
180,1,0,0
181,1,0,0
